,paper_id,authors,text
0,xml_output_grobid_python_client\-em-Fertility-and-Sterility--em--top-videos-from-2,"[{'first': 'Joseph', 'middle': [], 'last': 'Findley', 'suffix': '', 'affiliation': {'laboratory': '', 'institution': 'University Hospitals Cleveland Medical Center', 'location': {'settlement': 'Cleveland', 'region': 'Ohio'}}, 'email': ''}, {'first': 'Zaraq', 'middle': [], 'last': 'Khan', 'suffix': '', 'affiliation': {'laboratory': '', 'institution': 'Mayo Clinic', 'location': {'settlement': 'Rochester', 'region': 'Minnesota'}}, 'email': ''}, {'first': 'John', 'middle': ['Preston'], 'last': 'Parry', 'suffix': '', 'affiliation': {}, 'email': ''}, {'first': 'Kira', 'middle': [], 'last': 'Eickman', 'suffix': '', 'affiliation': {'laboratory': '', 'institution': 'Florida Atlantic University', 'location': {'settlement': 'Boca Raton', 'region': 'Florida'}}, 'email': ''}, {'first': 'Rebecca', 'middle': [], 'last': 'Flyckt', 'suffix': '', 'affiliation': {'laboratory': '', 'institution': 'University Hospitals Cleveland Medical Center', 'location': {'settlement': 'Cleveland', 'region': 'Ohio'}}, 'email': ''}, {'first': 'John', 'middle': [], 'last': 'Petrozza', 'suffix': '', 'affiliation': {'laboratory': '', 'institution': 'Harvard Medical School', 'location': {'settlement': 'Boston', 'region': 'Massachusetts'}}, 'email': ''}, {'first': 'Steven', 'middle': ['R'], 'last': 'Lindheim', 'suffix': '', 'affiliation': {'laboratory': '', 'institution': 'Harvard Medical School', 'location': {'settlement': 'Boston', 'region': 'Massachusetts'}}, 'email': ''}]",fertility and sterility top videos from objective to objectively grade all video publications in fertility and sterility during the year and compile a list of the top surgical videos
1,xml_output_grobid_python_client\A-&#x201c;first&#x201d;-on-the-horizon--the-expans,"[{'first': 'Elliott', 'middle': ['G'], 'last': 'Richards', 'suffix': '', 'affiliation': {'laboratory': '', 'institution': 'Cleveland Clinic', 'location': {'settlement': 'Cleveland', 'region': 'Ohio'}}, 'email': ''}, {'first': 'Cecile', 'middle': ['A'], 'last': 'Ferrando', 'suffix': '', 'affiliation': {'laboratory': '', 'institution': 'Cleveland Clinic', 'location': {'settlement': 'Cleveland', 'region': 'Ohio'}}, 'email': ''}, {'first': 'Ruth', 'middle': ['M'], 'last': 'Farrell', 'suffix': '', 'affiliation': {'laboratory': '', 'institution': 'Cleveland Clinic', 'location': {'settlement': 'Cleveland', 'region': 'Ohio'}}, 'email': ''}, {'first': 'Rebecca', 'middle': ['L'], 'last': 'Flyckt', 'suffix': '', 'affiliation': {'laboratory': '', 'institution': 'University Hospitals Cleveland Medical Center', 'location': {'settlement': 'Cleveland', 'region': 'Ohio'}}, 'email': ''}]",a first on the horizon the expansion of uterus transplantation to transgender women
2,xml_output_grobid_python_client\A-behind-the-scenes-look-at-retroperitoneal-ectopi,"[{'first': 'Sarah', 'middle': [], 'last': 'Simko', 'suffix': '', 'affiliation': {'laboratory': '', 'institution': 'Adventist Health White Memorial', 'location': {'settlement': 'Los Angeles', 'region': 'California'}}, 'email': ''}, {'first': 'Sadikah', 'middle': [], 'last': 'Behbehani', 'suffix': '', 'affiliation': {'laboratory': '', 'institution': 'University of California', 'location': {'settlement': 'Riverside', 'region': 'California'}}, 'email': ''}]",a behindthescenes look at retroperitoneal ectopic pregnancies how do they get there and where do we go from here
3,xml_output_grobid_python_client\A-call-to-action-to-reproductive-endocrinologists-,"[{'first': 'Nanette', 'middle': [], 'last': 'Santoro', 'suffix': '', 'affiliation': {}, 'email': ''}]",a call to action to reproductive endocrinologists we cannot avoid the culture wars
4,xml_output_grobid_python_client\A-case-report-of-retroperitoneal-ectopic-pregnancy,"[{'first': 'Jing', 'middle': [], 'last': 'Yuan', 'suffix': '', 'affiliation': {'laboratory': '', 'institution': 'Third Xiangya Hospital of Central South University', 'location': {'settlement': 'Changsha', 'region': 'Hunan', 'country': ""People's Republic of China""}}, 'email': ''}, {'first': 'Hui', 'middle': [], 'last': 'Xie', 'suffix': '', 'affiliation': {'laboratory': '', 'institution': 'Third Xiangya Hospital of Central South University', 'location': {'settlement': 'Changsha', 'region': 'Hunan', 'country': ""People's Republic of China""}}, 'email': ''}, {'first': 'Muyu', 'middle': [], 'last': 'Chen', 'suffix': '', 'affiliation': {'laboratory': '', 'institution': 'Third Xiangya Hospital of Central South University', 'location': {'settlement': 'Changsha', 'region': 'Hunan', 'country': ""People's Republic of China""}}, 'email': ''}, {'first': 'Fei', 'middle': [], 'last': 'Zeng', 'suffix': '', 'affiliation': {'laboratory': '', 'institution': 'Third Xiangya Hospital of Central South University', 'location': {'settlement': 'Changsha', 'region': 'Hunan', 'country': ""People's Republic of China""}}, 'email': ''}, {'first': 'Songshu', 'middle': [], 'last': 'Xiao', 'suffix': '', 'affiliation': {'laboratory': '', 'institution': 'Third Xiangya Hospital of Central South University', 'location': {'settlement': 'Changsha', 'region': 'Hunan', 'country': ""People's Republic of China""}}, 'email': 'xiaosongshu@csu.edu.cn'}]",a case report of retroperitoneal ectopic pregnancy with lymphatic migration after in vitro fertilizationembryo transfer an explanation to embryo distant migration objective to present a rare case of retroperitoneal ectopic pregnancy with lymphatic migration after in vitro fertilizationembryo transfer ivfet and propose the possible explanation for embryonic migrationdesign illustrative video presentationimages videos educational videos and title slides were used to introduce the case of a patient with retroperitoneal ectopic pregnancy with lymphatic migration after ivfet and provide a potential explanation for embryo distant migration in the patientthis work was approved by the institutional review boardsetting university hospitalpatients a yearold woman gravida para with a history of right salpingectomy was admitted to the hospital days after ivfet because of ectopic pregnancy for day the patient had secondary infertility for yearsgynecologic examination indicated anterior day uterus with no tendernessa preoperative bmode ultrasound scan showed that the endometrium was mm and there was no acoustic image of the pregnant sac in the uterine cavitymagnetic resonance imaging showed that oval signal measuring approximately mm was detected at the gap between the aorta anterior to the third lumbar vertebra and inferior vena cavathe inferior vena cava could be seen on the rear right of the gestational sac and the abdominal aorta could be seen on the rear leftinterventions retroperitoneal ectopic pregnancy with lymphatic migration after ivfet was diagnosed using bmode ultrasound mri and pathology analysis and was removed laparoscopicallymain outcome measures mechanism analysis of distant ectopic migration in a patient receiving ivfet with a history of tubal surgeryresults the patient was diagnosed using bmode ultrasound and mri and underwent laparoscopic surgery to diagnose and remove the retroperitoneal ectopic pregnancy tissuefurther the pregnancy lesion was completely removed using an ultrasonic knifethe pathological examination showed that the pregnancy tissue was located inside an enlarged lymph node surrounded by lymphoid tissue and lymphocyte infiltration was also seen in the endometrial tissue suggesting that the implanted embryo migrated to the retroperitoneum through the lymphatic channelsthe patient successfully conceived through ivfet year after the operation and a fullterm neonate was delivered by cesarean section
5,xml_output_grobid_python_client\A-combination-of-two-novel-ligation-techniques-for,"[{'first': 'Shengke', 'middle': [], 'last': 'Wang', 'suffix': '', 'affiliation': {'laboratory': '', 'institution': 'Shengjing Hospital of China Medical University', 'location': {'settlement': 'Shenyang', 'country': ""People's Republic of China""}}, 'email': ''}, {'first': 'Dongdong', 'middle': [], 'last': 'Wang', 'suffix': '', 'affiliation': {'laboratory': '', 'institution': 'Shengjing Hospital of China Medical University', 'location': {'settlement': 'Shenyang', 'country': ""People's Republic of China""}}, 'email': ''}, {'first': 'Fujie', 'middle': [], 'last': 'Zhao', 'suffix': '', 'affiliation': {'laboratory': '', 'institution': 'Shengjing Hospital of China Medical University', 'location': {'settlement': 'Shenyang', 'country': ""People's Republic of China""}}, 'email': ''}]",a combination of two novel ligation techniques for complicated laparoscopic intraligamental myomectomy objective to perform laparoscopic myomectomy by combining two novel ligation techniques for a large lateral intraligamental myomadesign a stepbystep explanation of the surgical procedure using a video with narrationsetting university hospitalpatients a yearold woman gravida para presented with an asymptomatic pelvic masssonographic imaging revealed a cm subserous myoma from the right lateral uterine isthmus walllaparoscopic exploration revealed a large myoma growing from the right lateral cervical isthmus wall toward the broad ligamentit was protruding into the pararectal space with duplicated uretersinterventions for such a large lateral intraligamental myoma any conventional approach has the potential to cause massive bleeding and accidental injurieswe devised and implemented a preventative strategy for intraoperative bleeding by combining two novel ligation techniques used in laparoscopic myomectomywe made an incision at the posterior leaf of the broad ligament and exposed the myometrium enveloping the fibroid and the base of the fibroidthen we performed an incision cm away from the right lower edge of the fibroid base opening the myometrium and pseudocapsulewe applied two novel ligation techniques that ligate the pedicle on the left of the fibroid and the pseudocapsule on the right of the fibroidenucleation and loop tightening were implemented simultaneouslythe entire pseudocapsule and most of the myometrium enveloping the fibroid were ligated in the loop knotonly a small portion of the myometrium on the right side was outside the loop knot which required electrocoagulationloop ligation was performed twice more for reinforcement in the same locationthe peritoneum was then closedmain outcome measures laparoscopic myomectomy was completed successfully for a large lateral intraligamental myoma using our novel techniqueresults the surgery lasted min and the volume of intraoperative blood loss was mlthe patient had a normal postoperative course combining two novel ligation techniques in laparoscopic myomectomy is a safe and efficient surgical choicethis technique has obvious advantages in large broad ligament myomas reducing bleeding and avoiding unintentional injuries even in duplicated uretersfurthermore this technique is not limited by the device and does not increase the cost of surgery
6,xml_output_grobid_python_client\A-diagnosis-of-diminished-ovarian-reserve-does-not,"[{'first': 'Yuval', 'middle': [], 'last': 'Fouks', 'suffix': '', 'affiliation': {'laboratory': '', 'institution': 'Boston IVF', 'location': {'settlement': 'Waltham', 'region': 'Massachusetts'}}, 'email': 'yfouks@bostonivf.com'}, {'first': 'Alan', 'middle': [], 'last': 'Penzias', 'suffix': '', 'affiliation': {'laboratory': '', 'institution': 'Boston IVF', 'location': {'settlement': 'Waltham', 'region': 'Massachusetts'}}, 'email': ''}, {'first': 'Werner', 'middle': [], 'last': 'Neuhausser', 'suffix': '', 'affiliation': {'laboratory': '', 'institution': 'Beth Israel Deaconess Medical Center', 'location': {'settlement': 'Boston', 'region': 'Massachusetts'}}, 'email': ''}, {'first': 'Denis', 'middle': [], 'last': 'Vaughan', 'suffix': '', 'affiliation': {'laboratory': '', 'institution': 'Boston IVF', 'location': {'settlement': 'Waltham', 'region': 'Massachusetts'}}, 'email': ''}, {'first': 'Denny', 'middle': [], 'last': 'Sakkas', 'suffix': '', 'affiliation': {'laboratory': '', 'institution': 'Boston IVF', 'location': {'settlement': 'Waltham', 'region': 'Massachusetts'}}, 'email': ''}]",a diagnosis of diminished ovarian reserve does not impact embryo aneuploidy or live birth rates compared to patients with normal ovarian reserve objective to estimate the aneuploidy rates in young women with diminished ovarian reserve dor before treatment and poor ovarian response por postretrievaldesign retrospective cohort studysetting a single academicallyaffiliated fertility clinicpatients autologous frozen embryo transfer cycles from december to june were revieweddemographic and clinical factors that impact outcomes were used for propensity score matching psm in a ratio of and for preimplantation genetic testing for aneuploidy precycle dor and por after stimulation respectivelyinterventions nonemain outcome measures aneuploid rates defined as the number of aneuploid blastocysts divided by the number of biopsied blastocysts per cycleno euploid embryos to transfer defined as all cohorts of embryos being aneuploidresults a total of women diagnosed with dor were compared with matched controlsaneuploid rates did not differ significantly between the two groups vs rr ci no differences were identified in live birth rates per transfer between women with and without dor after euploid singleembryo transfers and respectivelyan additional psm analysis to assess aneuploidy rates for patients with por oocytes vs those without it resulted in similar rates of aneuploidy between the two comparison groups vs r ci the prevalence of cycles with no euploid embryos in the por cohort was higher vs however rates of cases with a single embryo available for biopsy were lower in the dor group relative to controls vs young women diagnosed with dor or por exhibited equivalent aneuploidy rates and live birth rates per euploid embryo transfer in a large matched population based on age body mass index and ivf cycle initiationthe lower percentage of cycles with no euploid embryo available for transfer in dor and por patients is because of the decreased total number of oocytesdeveloping embryos and not because of increased aneuploidy rates in these groups
7,xml_output_grobid_python_client\A-framework-approach-for-hysteroscopic-uterine-sep,"[{'first': 'Phillip', 'middle': ['A'], 'last': 'Romanski', 'suffix': '', 'affiliation': {'laboratory': '', 'institution': 'NewYork-Presbyterian Hospital', 'location': {'settlement': 'New York', 'region': 'New York'}}, 'email': ''}, {'first': 'Pietro', 'middle': [], 'last': 'Bortoletto', 'suffix': '', 'affiliation': {'laboratory': '', 'institution': 'NewYork-Presbyterian Hospital', 'location': {'settlement': 'New York', 'region': 'New York'}}, 'email': ''}, {'first': 'Samantha', 'middle': ['M'], 'last': 'Pfeifer', 'suffix': '', 'affiliation': {'laboratory': '', 'institution': 'NewYork-Presbyterian Hospital', 'location': {'settlement': 'New York', 'region': 'New York'}}, 'email': ''}]",a framework approach for hysteroscopic uterine septum incision partial and complete objective to demonstrate safe and efficient techniques for hysteroscopic partial and complete uterine septum incisions with radiofrequency electrosurgeryreview of these techniques may be particularly helpful for a surgical trainee or a less experienced hysteroscopic surgeondesign video instruction of the hysteroscopic uterine septum incision techniquessetting academic hospital settingpatients one patient with a partial uterine septum and patient with a complete uterine septum and a duplicated cervix distinct external cervices interventions hysteroscopic partial and complete uterine septum incisions with a mm unipolar knife electrodeimportantly the demonstrated techniques can be performed using any hysteroscopic cutting instrument with which the surgeon is comfortablemain outcome measures surgical techniques that can be used to safely and efficiently incise a uterine septum and determine when the incision is completeresults for a partial uterine septum surgical techniques include uterine septum shortening uterine septum thinning and measurement of the residual septum length with the operating instrument to determine when the incision is completevisualization of the tubal ostia should be used throughout the procedure to maintain a horizontal incision planefor a complete uterine septum with a duplicated cervix we additionally demonstrate how to make a window through the septum at the level of the internal os to incise the uterine body portion while preserving the tissue wall inferiorly that separates the duplicated cervicesconclusions uterine septum incision is typically a short procedure that can be successfully performed with operative hysteroscopyhowever if a systematic approach is not followed the surgeon can quickly and unknowingly become disoriented resulting in inadvertent uterine perforation incomplete septum incision or excessive septum incision causing myometrial thinning which has been shown to increase the risk of uterine rupture during pregnancyin practice the choice of technique used for septum incision should be made intraoperatively and will depend on the septum size and shapeoften septum shortening thinning and residual measurement are best used in combination to achieve a successful resultsurgeons will find the use of these techniques helpful to maintain intraoperative orientation and provide a framework to guide adequate removal of either a partial or complete uterine septum
8,xml_output_grobid_python_client\A-higher-number-of-oocytes-retrieved-is-associated,"[{'first': 'Michael', 'middle': [], 'last': 'Fanton', 'suffix': '', 'affiliation': {'laboratory': '', 'institution': 'Alife Health, Inc', 'location': {'settlement': 'Cambridge', 'region': 'Massachusetts'}}, 'email': ''}, {'first': 'Justina', 'middle': ['Hyunjii'], 'last': 'Cho', 'suffix': '', 'affiliation': {'laboratory': '', 'institution': 'Alife Health, Inc', 'location': {'settlement': 'Cambridge', 'region': 'Massachusetts'}}, 'email': ''}, {'first': 'Valerie', 'middle': ['L'], 'last': 'Baker', 'suffix': '', 'affiliation': {'laboratory': '', 'institution': 'Johns Hopkins University School of Medicine', 'location': {'settlement': 'Baltimore', 'region': 'Maryland'}}, 'email': ''}, {'first': 'Kevin', 'middle': [], 'last': 'Loewke', 'suffix': '', 'affiliation': {'laboratory': '', 'institution': 'Alife Health, Inc', 'location': {'settlement': 'Cambridge', 'region': 'Massachusetts'}}, 'email': 'kloewke@alifehealth.com'}]",a higher number of oocytes retrieved is associated with an increase in fertilized oocytes blastocysts and cumulative live birth rates objective to investigate the association between the number of oocytes retrieved and the numbers of fertilized oocytes and blastocysts and cumulative and primary transfer live birth rates lbrs
9,xml_output_grobid_python_client\A-nail-in-the-coffin--the-antim&#xfc;llerian-hormo,"[{'first': 'Bradley', 'middle': ['S'], 'last': 'Hurst', 'suffix': '', 'affiliation': {'laboratory': '', 'institution': 'Atrium Health Carolinas Medical Center', 'location': {'settlement': 'Charlotte', 'region': 'North Carolina'}}, 'email': ''}]",a nail in the coffin the antimllerian hormone quality or quantity debate
10,xml_output_grobid_python_client\A-novel-approach-using-vaginal-natural-orifice-tra,"[{'first': 'Jan', 'middle': ['F'], 'last': 'Baekelandt', 'suffix': '', 'affiliation': {'laboratory': '', 'institution': 'Imelda Hospital', 'location': {'settlement': 'Bonheiden', 'country': 'Belgium'}}, 'email': 'jan.baekelandt@imelda.be'}, {'first': 'Supuni', 'middle': [], 'last': 'Kapurubandara', 'suffix': '', 'affiliation': {'laboratory': '', 'institution': 'Westmead Hospital', 'location': {'settlement': 'New South Wales', 'country': 'Australia'}}, 'email': ''}]",a novel approach using vaginal natural orifice transluminal endoscopic surgery to repair a symptomatic uterine isthmocele objective to describe the first case of using a vaginal natural orifice transluminal endoscopic surgery approach to repair a uterine isthmoceledesign stepwise explanation of the surgical technique using original video footagethis study was exempted from requiring hospital institutional review board approvalsetting hospitalpatients a yearold gravida para patient presented with symptoms of intermenstrual bleeding and secondary subfertility following uncomplicated cesarean section deliveries elective for breech and repeatthe patient had a transvaginal ultrasound us demonstrating an isthmocele with a defect of mm with a myometrial thickness of mm over the defect and proceeded to undergo surgery because of persistent symptomsinterventions an anterior vaginal incision is made on the cervix from the oclock to oclock position after local anesthetic and adrenaline infiltration of the tissuethe vaginal epithelium was carefully dissected cephalad although an attempt was made to maintain the uterovesical space and folda small cm vpath gel port was inserted into this uterovesical space and the gel port was affixed with a port connected to an insufflation stabilization bag to minimize the pressure fluctuations within the confines of a small operative space and help maintain visualization throughoutunder endoscopic view the site of the isthmocele was identified using an endoscopic us probe and confirmed on dimensional imaginga monopolar hook with an inbuilt aspirator and suction function was used to incise over the isthmocele with a grasper used to dissect into this spacea hegar dilator was used to delineate the cervical canalonce the isthmocele was excised the defect was reinforced and obliterated with a barbed suture whereas the hegar dilator was in place to prevent inadvertent canal occlusion during suturingcontinuous suturing took place from the cephalad to the caudal directions in layersonce hemostasis was confirmed the gel port was removed and the vaginal epithelium was closed with interrupted sutures using a braided absorbable suturethe perioperative course and care were uneventful with the foley catheter being removed hours after surgerythe patient was discharged within hoursa followup organized weeks after surgery demonstrated obliteration and repair of the previously detected uterine isthmocele on the pelvic us scanthe patient also reported a resolution of symptoms at this postoperative visitmain outcome measures naresults naconclusions uterineconserving surgical approaches to an isthmocele have been described including vaginal hysteroscopic and laparoscopic with and without robotic assistance approches and laparotomy with no single approach deemed to be superior to the othersthe
11,xml_output_cochrane\Abdallah_et_al-2021-Cochrane_Database_of_Systematic_Reviews,"[{'first': 'Karim', 'middle': ['S'], 'last': 'Abdallah', 'suffix': '', 'affiliation': {'laboratory': '', 'institution': 'Assiut University', 'location': {'settlement': 'Assiut', 'country': 'Egypt'}}, 'email': ''}, {'first': 'Moustafa', 'middle': ['A'], 'last': 'Gadalla', 'suffix': '', 'affiliation': {'laboratory': '', 'institution': 'Assiut University', 'location': {'settlement': 'Assiut', 'country': 'Egypt'}}, 'email': ''}, {'first': 'Maria', 'middle': ['C'], 'last': 'Breijer', 'suffix': '', 'affiliation': {'laboratory': '', 'institution': 'Admiraal de Ruyter Ziekenhuis', 'location': {'settlement': 'Goes', 'country': 'Netherlands'}}, 'email': ''}, {'first': 'Ben', 'middle': ['Willem J'], 'last': 'Mol', 'suffix': '', 'affiliation': {}, 'email': ''}]",uterine distension media for outpatient hysteroscopy hysteroscopy done in an outpatient setting is the gold standard method for evaluating the uterine cavitymedia used to distend the uterine cavity include gas as carbon dioxide and liquid as saline that can be used at room temperature or warmed to body temperatureboth media o er advantages as well as disadvantages uterine distension media for outpatient hysteroscopy review
12,xml_output_cochrane\Abdel-Aleem_et_al-2022-Cochrane_Database_of_Systematic_Reviews,"[{'first': 'Hany', 'middle': [], 'last': 'Abdel-Aleem', 'suffix': '', 'affiliation': {}, 'email': ''}, {'first': 'Omar', 'middle': ['M'], 'last': 'Shaaban', 'suffix': '', 'affiliation': {}, 'email': ''}, {'first': 'Mahmoud', 'middle': ['A'], 'last': 'Abdel-Aleem', 'suffix': '', 'affiliation': {}, 'email': ''}, {'first': 'Ahmed', 'middle': [], 'last': 'Aboelfadle Mohamed', 'suffix': '', 'affiliation': {}, 'email': ''}]",cervical pessary for preventing preterm birth in singleton pregnancies
13,xml_output_grobid_python_client\Absolute-uterine-infertility-a-cornelian-dilemma--,"[{'first': 'Mats', 'middle': [], 'last': 'Brännström', 'suffix': '', 'affiliation': {}, 'email': ''}, {'first': 'Catherine', 'middle': [], 'last': 'Racowsky', 'suffix': '', 'affiliation': {}, 'email': ''}, {'first': 'Elliott', 'middle': ['G'], 'last': 'Richards', 'suffix': '', 'affiliation': {}, 'email': ''}, {'first': 'Rebecca', 'middle': [], 'last': 'Flyckt', 'suffix': '', 'affiliation': {}, 'email': ''}, {'first': 'Robert', 'middle': ['J'], 'last': 'Stillman', 'suffix': '', 'affiliation': {}, 'email': ''}, {'first': 'Jeanne', 'middle': ['E'], 'last': 'O’brien', 'suffix': '', 'affiliation': {}, 'email': ''}, {'first': 'Ginny', 'middle': ['L'], 'last': 'Ryan', 'suffix': '', 'affiliation': {}, 'email': ''}, {'first': 'Dominique', 'middle': [], 'last': 'De Ziegler', 'suffix': '', 'affiliation': {'laboratory': '', 'institution': 'Hôpital Foch-Universit e de Paris Ouest UVSQ', 'location': {'settlement': 'Paris', 'country': 'France'}}, 'email': 'dom@deziegler.com'}]",absolute uterine infertility a cornelian dilemma uterine transplantation or surrogacy
14,xml_output_grobid_python_client\Adenomyosis--single-cell-transcriptomic-analysis-r,"[{'first': 'Sule', 'middle': [], 'last': 'Yildiz', 'suffix': '', 'affiliation': {'laboratory': '', 'institution': 'Northwestern University', 'location': {'settlement': 'Chicago', 'region': 'Illinois'}}, 'email': ''}, {'first': 'Meric', 'middle': [], 'last': 'Kinali', 'suffix': '', 'affiliation': {'laboratory': '', 'institution': 'Northwestern University', 'location': {'settlement': 'Chicago', 'region': 'Illinois'}}, 'email': ''}, {'first': 'Jian', 'middle': ['Jun'], 'last': 'Wei', 'suffix': '', 'affiliation': {'laboratory': '', 'institution': 'Northwestern University', 'location': {'settlement': 'Chicago', 'region': 'Illinois'}}, 'email': ''}, {'first': 'Magdy', 'middle': [], 'last': 'Milad', 'suffix': '', 'affiliation': {'laboratory': '', 'institution': 'Northwestern University', 'location': {'settlement': 'Chicago', 'region': 'Illinois'}}, 'email': ''}, {'first': 'Ping', 'middle': [], 'last': 'Yin', 'suffix': '', 'affiliation': {}, 'email': ''}, {'first': 'Mazhar', 'middle': [], 'last': 'Adli', 'suffix': '', 'affiliation': {'laboratory': '', 'institution': 'Northwestern University', 'location': {'settlement': 'Chicago', 'region': 'Illinois'}}, 'email': ''}, {'first': 'Serdar', 'middle': ['E'], 'last': 'Bulun', 'suffix': '', 'affiliation': {'laboratory': '', 'institution': 'Northwestern University', 'location': {'settlement': 'Chicago', 'region': 'Illinois'}}, 'email': 'bulun@northwestern.edu'}]",adenomyosis singlecell transcriptomic analysis reveals a paracrine mesenchymalepithelial interaction involving the wntsfrp pathway objective to assess the cellular and molecular landscape of adenomyosisdesign singlecell analysis of genomewide messenger rna mrna expression singlecell rna sequencing of matched tissues of endometrium adenomyosis and myometrium using relatively large numbers of viable cellssetting not applicablepatients patients n age range years undergoing hysterectomy for diffuse adenomyosismain outcome measures definition of the molecular landscape of matched adenomyotic endometrial and myometrial tissues from the same uterus using singlecell rna sequencing and comparison of distinct cell types in these tissues to identify diseasespecific cell populations abnormal gene expression and pathway activation and mesenchymalepithelial interactions the largest cell population in the endometrium was composed of closely clustered fibroblast groups which comprise of all cells and seem to originate from pericyte progenitors differentiating to estrogenprogesterone receptorexpressing endometrial stromalcellsin contrast the entire fibroblast population in adenomyosis comprised a larger portion of all cells and was not linked to any pericyte progenitorsadenomyotic fibroblasts eventually differentiate into extracellular matrix proteinexpressing fibroblasts and smooth muscle cellshierarchical clustering of mrna expression revealed a unique adenomyotic fibroblast population that clustered transcriptomically with endometrial fibroblasts suggestive of an endometrial stromal cell population serving as progenitors of adenomyosisfour other adenomyotic fibroblast clusters with diseasespecific transcriptomes were distinct from those of endometrial or myometrial fibroblaststhe mrna levels of the natural wnt inhibitors named secreted frizzledrelated proteins and were higher in these adenomyotic fibroblast clusters than in endometrial fibroblast clustersmoreover we found that multiple wnts which originate from fibroblasts and target ciliated and unciliated epithelial cells and endothelial cells constitute a critical paracrine signaling network in adenomyotic tissuecompared with endometrial tissue unciliated and ciliated epithelial cells in adenomyosis comprised a significantly smaller portion of this tissue and exhibited molecular evidence of progesterone resistance and diminished regulation of estrogen signaling we found a high degree of heterogeneity in fibroblastlike cells in the adenomyotic uterusthe wnt signaling involving differential expression of secreted frizzledrelated proteins which act as decoy receptors for wnts in adenomyotic fibroblasts may have a key role in the pathophysiology of this disease
15,xml_output_cochrane\Agten_et_al-2021-Cochrane_Database_of_Systematic_Reviews,"[{'first': 'Andrea', 'middle': [], 'last': 'Kaelin Agten', 'suffix': '', 'affiliation': {}, 'email': ''}, {'first': 'Jun', 'middle': [], 'last': 'Xia', 'suffix': '', 'affiliation': {}, 'email': ''}, {'first': 'Juliette', 'middle': ['A'], 'last': 'Servante', 'suffix': '', 'affiliation': {}, 'email': ''}, {'first': 'Jim', 'middle': ['G'], 'last': 'Thornton', 'suffix': '', 'affiliation': {}, 'email': ''}, {'first': 'Nia', 'middle': ['W'], 'last': 'Jones', 'suffix': '', 'affiliation': {}, 'email': ''}]",routine ultrasound for fetal assessment before weeks gestation
16,xml_output_cochrane\Agten_et_al-2021-Cochrane_Database_of_Systematic_Reviews,"[{'first': 'Andrea', 'middle': [], 'last': 'Kaelin Agten', 'suffix': '', 'affiliation': {}, 'email': ''}, {'first': 'Jun', 'middle': [], 'last': 'Xia', 'suffix': '', 'affiliation': {}, 'email': ''}, {'first': 'Juliette', 'middle': ['A'], 'last': 'Servante', 'suffix': '', 'affiliation': {}, 'email': ''}, {'first': 'Jim', 'middle': ['G'], 'last': 'Thornton', 'suffix': '', 'affiliation': {}, 'email': ''}, {'first': 'Nia', 'middle': ['W'], 'last': 'Jones', 'suffix': '', 'affiliation': {}, 'email': ''}]",routine ultrasound for fetal assessment before weeks gestation
17,xml_output_cochrane\Ahmad_et_al-2020-Cochrane_Database_of_Systematic_Reviews,"[{'first': 'Gaity', 'middle': [], 'last': 'Ahmad', 'suffix': '', 'affiliation': {'laboratory': '', 'institution': 'Pennine Acute Hospitals NHS Trust', 'location': {'settlement': 'Manchester', 'country': 'UK'}}, 'email': 'gaity.ahmad@pat.nhs.uk'}, {'first': 'Kyungmin', 'middle': [], 'last': 'Kim', 'suffix': '', 'affiliation': {'laboratory': '', 'institution': 'Pennine Acute Hospitals NHS Trust', 'location': {'settlement': 'Manchester', 'country': 'UK'}}, 'email': ''}, {'first': 'Matthew', 'middle': [], 'last': 'Thompson', 'suffix': '', 'affiliation': {'laboratory': '', 'institution': 'Pennine Acute Hospitals NHS Trust', 'location': {'settlement': 'Manchester', 'country': 'UK'}}, 'email': ''}, {'first': 'Priya', 'middle': [], 'last': 'Agarwal', 'suffix': '', 'affiliation': {'laboratory': '', 'institution': 'Pennine Acute Hospitals NHS Trust', 'location': {'settlement': 'Manchester', 'country': 'UK'}}, 'email': ''}, {'first': 'Helena', 'middle': [], 'last': ""O'flynn"", 'suffix': '', 'affiliation': {'laboratory': '', 'institution': 'Pennine Acute Hospitals NHS Trust', 'location': {'settlement': 'Manchester', 'country': 'UK'}}, 'email': ''}, {'first': 'Akshay', 'middle': [], 'last': 'Hindocha', 'suffix': '', 'affiliation': {'laboratory': '', 'institution': 'Pennine Acute Hospitals NHS Trust', 'location': {'settlement': 'Manchester', 'country': 'UK'}}, 'email': ''}, {'first': 'Andrew', 'middle': [], 'last': 'Watson', 'suffix': '', 'affiliation': {'laboratory': '', 'institution': 'Tameside & Glossop Acute Services NHS Trust', 'location': {'settlement': 'Ashton-Under-Lyne', 'country': 'UK'}}, 'email': ''}]",barrier agents for adhesion prevention after gynaecological surgery no studies reported our primary outcomes of pelvic pain and live birth rate at secondlook laparoscopy we are uncertain whether oxidised regenerated cellulose at laparoscopy reduced the incidence of de novo adhesions or ci to rcts participants i very lowquality evidence or of reformed adhesions or ci to rcts participants i very lowquality evidence at secondlook laparoscopy we are uncertain whether oxidised regenerated cellulose a ected the incidence of de novo adhesions a er laparotomy or ci to rct participants very lowquality evidencehowever the incidence of reformed adhesions may have been reduced in the intervention group or ci to rcts participants i lowquality evidence no studies reported results on pelvic pain live birth rate adhesion score or clinical pregnancy rate we are uncertain whether expanded polytetrafluoroethylene reduced the incidence of de novo adhesions at secondlook laparoscopy or ci to participants very lowquality evidencewe are also uncertain whether expanded polytetrafluoroethylene resulted in a lower adhesion score out of md ci to participants very lowquality evidence or a lower risk of reformed adhesions or ci to participants very lowquality evidence when compared with oxidised regenerated cellulose no studies reported results regarding pelvic pain live birth rate or clinical pregnancy rate evidence suggests that collagen membrane with polyethylene glycol and glycerol may reduce the incidence of adhesions at secondlook laparoscopy or ci to participants lowquality evidencewe are uncertain whether collagen membrane with polyethylene glycol and glycerol improved clinical pregnancy rate or ci to participants very lowquality evidence one study reported adhesion scores but reported them as median scores rather than mean scores median score in the treatment group vs median score in the control group and therefore could not be included in the metaanalysisthe reported p value was and no evidence suggests a di erence between treatment and control groups no studies reported results regarding pelvic pain or live birth rate in total of the rcts included in this review reported adverse eventsno events directly attributed to adhesion agents were reported we found no evidence on the e ects of barrier agents used during pelvic surgery on pelvic pain or live birth rate in women of reproductive age because no trial reported these outcomes it is di icult to draw credible conclusions due to lack of evidence and the low quality of included studiesgiven this caveat lowquality evidence suggests that collagen membrane with polyethylene glycol plus glycerol may be more e ective than no treatment in reducing the incidence of adhesion formation following pelvic surgerylowquality evidence also shows that oxidised regenerated cellulose may reduce the incidence of reformation of adhesions when compared with no treatment at laparotomyit is not possible to draw conclusions on the relative e ectiveness of these interventions due to lack of evidence no adverse events directly attributed to the adhesion agents were reportedthe quality of the evidence ranged from very low to moderatecommon limitations were imprecision and poor reporting of study methodsmost studies were commercially funded and publication bias could not be ruled out
18,xml_output_cochrane\Al-Inany_et_al-2016-Cochrane_Database_of_Systematic_Reviews,"[{'first': 'Hesham', 'middle': ['G'], 'last': 'Al-Inany', 'suffix': '', 'affiliation': {'laboratory': '', 'institution': 'Cairo University', 'location': {'settlement': 'Cairo', 'country': 'Egypt'}}, 'email': ''}, {'first': 'Mohamed', 'middle': ['A'], 'last': 'Youssef', 'suffix': '', 'affiliation': {'laboratory': '', 'institution': 'Cairo University', 'location': {'settlement': 'Cairo', 'country': 'Egypt'}}, 'email': ''}, {'first': 'Reuben', 'middle': ['Olugbenga'], 'last': 'Ayeleke', 'suffix': '', 'affiliation': {'laboratory': '', 'institution': 'University of Auckland', 'location': {'settlement': 'Auckland', 'country': 'New Zealand'}}, 'email': ''}, {'first': 'Julie', 'middle': [], 'last': 'Brown', 'suffix': '', 'affiliation': {'laboratory': '', 'institution': 'The University of Auckland', 'location': {'settlement': 'Auckland', 'country': 'New Zealand'}}, 'email': ''}, {'first': 'Wai', 'middle': ['Sun'], 'last': 'Lam', 'suffix': '', 'affiliation': {'laboratory': '', 'institution': 'University of Auckland', 'location': {'settlement': 'Auckland', 'country': 'New Zealand'}}, 'email': ''}, {'first': 'Frank', 'middle': ['J'], 'last': 'Broekmans', 'suffix': '', 'affiliation': {'laboratory': '', 'institution': 'University Medical Center', 'location': {'settlement': 'Utrecht', 'country': 'Netherlands'}}, 'email': ''}]",gonadotrophinreleasing hormone antagonists for assisted reproductive technology gonadotrophinreleasing hormone gnrh antagonists can be used to prevent a luteinizing hormone lh surge during controlled ovarian hyperstimulation coh without the hypooestrogenic sidee ects flareup or long downregulation period associated with agoniststhe antagonists directly and rapidly inhibit gonadotrophin release within several hours through competitive binding to pituitary gnrh receptorsthis property allows their use at any time during the follicular phaseseveral di erent regimens have been described including multipledose fixed mg daily from day six to seven of stimulation multipledose flexible mg daily when leading follicle is to mm and singledose single administration of mg on day to of stimulation protocols with or without the addition of an oral contraceptive pillfurther women receiving antagonists have been shown to have a lower incidence of ovarian hyperstimulation syndrome ohssassuming comparable clinical outcomes for the antagonist and agonist protocols these benefits would justify a change from the standard long agonist protocol to antagonist regimensthis is an update of a cochrane review first published in and previously updated in and to evaluate the e ectiveness and safety of gonadotrophinreleasing hormone gnrh antagonists compared with the standard long protocol of gnrh agonists for controlled ovarian hyperstimulation in assisted conception cycles search methods
19,xml_output_cochrane\Amaya-Guio_et_al-2018-Cochrane_Database_of_Systematic_Reviews,"[{'first': 'Jairo', 'middle': [], 'last': 'Amaya-Guio', 'suffix': '', 'affiliation': {'laboratory': '', 'institution': 'Universidad Nacional de Colombia', 'location': {'settlement': 'Bogota', 'country': 'Colombia'}}, 'email': 'jamayaguio@gmail.com'}, {'first': 'Carlos', 'middle': ['F'], 'last': 'Grillo-Ardila', 'suffix': '', 'affiliation': {'laboratory': '', 'institution': 'Universidad Nacional de Colombia', 'location': {'settlement': 'Bogota', 'country': 'Colombia'}}, 'email': ''}, {'first': 'Edith', 'middle': [], 'last': 'Angel-Müller', 'suffix': '', 'affiliation': {'laboratory': '', 'institution': 'Universidad Nacional de Colombia', 'location': {'settlement': 'Bogota', 'country': 'Colombia'}}, 'email': ''}, {'first': 'Nicolas', 'middle': ['A'], 'last': 'Torres-Montañez', 'suffix': '', 'affiliation': {'laboratory': '', 'institution': 'Universidad Nacional de Colombia', 'location': {'settlement': 'Bogota', 'country': 'Colombia'}}, 'email': ''}, {'first': 'Luisa', 'middle': ['F'], 'last': 'Vasquez-Velez', 'suffix': '', 'affiliation': {'laboratory': '', 'institution': 'Universidad Nacional de Colombia', 'location': {'settlement': 'Bogota', 'country': 'Colombia'}}, 'email': ''}]",point of care rapid test for diagnosis of syphilis infection in pregnant women point of
20,xml_output_grobid_python_client\An-enigma-demystified_2023_fns,"[{'first': 'Deborah', 'middle': ['A'], 'last': 'Lee', 'suffix': '', 'affiliation': {}, 'email': ''}, {'first': 'G', 'middle': ['Wright'], 'last': 'Bates', 'suffix': '', 'affiliation': {}, 'email': ''}]",an enigma demystified
21,xml_output_grobid_python_client\An-interpretable-machine-learning-model-for-predic,"[{'first': 'Michael', 'middle': [], 'last': 'Fanton', 'suffix': '', 'affiliation': {'laboratory': '', 'institution': 'Alife Health, Inc', 'location': {'settlement': 'Cambridge', 'region': 'Massachusetts'}}, 'email': ''}, {'first': 'Veronica', 'middle': [], 'last': 'Nutting', 'suffix': '', 'affiliation': {'laboratory': '', 'institution': 'Alife Health, Inc', 'location': {'settlement': 'Cambridge', 'region': 'Massachusetts'}}, 'email': ''}, {'first': 'Funmi', 'middle': [], 'last': 'Solano', 'suffix': '', 'affiliation': {'laboratory': '', 'institution': 'Alife Health, Inc', 'location': {'settlement': 'Cambridge', 'region': 'Massachusetts'}}, 'email': ''}, {'first': 'Paxton', 'middle': [], 'last': 'Maeder-York', 'suffix': '', 'affiliation': {'laboratory': '', 'institution': 'Alife Health, Inc', 'location': {'settlement': 'Cambridge', 'region': 'Massachusetts'}}, 'email': ''}, {'first': 'Eduardo', 'middle': [], 'last': 'Hariton', 'suffix': '', 'affiliation': {'laboratory': '', 'institution': 'University of California', 'location': {'settlement': 'San Francisco'}}, 'email': ''}, {'first': 'Oleksii', 'middle': [], 'last': 'Barash', 'suffix': '', 'affiliation': {}, 'email': ''}, {'first': 'Louis', 'middle': [], 'last': 'Weckstein', 'suffix': '', 'affiliation': {}, 'email': ''}, {'first': 'Denny', 'middle': [], 'last': 'Sakkas', 'suffix': '', 'affiliation': {'laboratory': '', 'institution': 'Boston IVF-The Eugin Group', 'location': {'settlement': 'Waltham', 'region': 'Massachusetts'}}, 'email': ''}, {'first': 'Alan', 'middle': ['B'], 'last': 'Copperman', 'suffix': '', 'affiliation': {'laboratory': '', 'institution': 'New York', 'location': {'settlement': 'New York', 'region': 'New York'}}, 'email': ''}, {'first': 'Kevin', 'middle': [], 'last': 'Loewke', 'suffix': '', 'affiliation': {'laboratory': '', 'institution': 'Alife Health, Inc', 'location': {'settlement': 'Cambridge', 'region': 'Massachusetts'}}, 'email': 'kloewke@alifehealth.com'}]",an interpretable machine learning model for predicting the optimal day of trigger during ovarian stimulation objective to develop an interpretable machine learning model for optimizing the day of trigger in terms of mature oocytes mii fertilized oocytes pns and usable blastocystsdesign retrospective studysetting a group of three assisted reproductive technology centers in the united statespatients patients undergoing autologous in vitro fertilization cycles from to n interventions nonemain outcome measures average number of mii oocytes pns and usable blastocystsresults a set of interpretable machine learning models were developed using linear regression with follicle counts and estradiol levelswhen using the model to make daybyday predictions of trigger or continuing stimulation possible early and late triggers were identified in and of cycles respectivelyafter propensity score matching patients with early triggers had on average fewer mii oocytes fewer pns and fewer usable blastocysts compared with matched patients with ontime triggers and patients with late triggers had on average fewer mii oocytes fewer pns and fewer usable blastocysts compared with matched patients with ontime triggers this study demonstrates that it is possible to develop an interpretable machine learning model for optimizing the day of triggerusing our model has the potential to improve outcomes for many in vitro fertilization patients
22,xml_output_cochrane\Andrewartha_et_al-2022-Cochrane_Database_of_Systematic_Reviews,"[{'first': 'Kate', 'middle': [], 'last': 'Andrewartha', 'suffix': '', 'affiliation': {'laboratory': '', 'institution': ""Women's and Children's Hospital"", 'location': {'settlement': 'Adelaide', 'country': 'Australia'}}, 'email': ''}, {'first': 'Rosalie', 'middle': ['M'], 'last': 'Grivell', 'suffix': '', 'affiliation': {'laboratory': '', 'institution': 'Flinders University and Flinders Medical Centre', 'location': {'settlement': 'Bedford Park', 'country': 'Australia'}}, 'email': 'rosalie.grivell@flinders.edu.au'}]",perioperative pharmacological interventions for fetal immobilisation during fetal surgery and invasive procedures a we downgraded
23,xml_output_cochrane\Angel-M-ller_et_al-2018-Cochrane_Database_of_Systematic_Reviews,"[{'first': 'Edith', 'middle': [], 'last': 'Angel-Müller', 'suffix': '', 'affiliation': {'laboratory': '', 'institution': 'Universidad Nacional de Colombia', 'location': {'settlement': 'Bogota', 'country': 'Colombia'}}, 'email': ''}, {'first': 'Carlos', 'middle': ['F'], 'last': 'Grillo-Ardila', 'suffix': '', 'affiliation': {'laboratory': '', 'institution': 'Universidad Nacional de Colombia', 'location': {'settlement': 'Bogota', 'country': 'Colombia'}}, 'email': ''}, {'first': 'Jairo', 'middle': [], 'last': 'Amaya-Guio', 'suffix': '', 'affiliation': {}, 'email': ''}, {'first': 'Nicolas', 'middle': ['A'], 'last': 'Torres-Montañez', 'suffix': '', 'affiliation': {'laboratory': '', 'institution': 'Universidad Nacional de Colombia', 'location': {'settlement': 'Bogota', 'country': 'Colombia'}}, 'email': ''}, {'first': 'Luisa', 'middle': ['F'], 'last': 'Vasquez-Velez', 'suffix': '', 'affiliation': {'laboratory': '', 'institution': 'Universidad Nacional de Colombia', 'location': {'settlement': 'Bogota', 'country': 'Colombia'}}, 'email': ''}]",point of care rapid test for diagnosis of syphilis infection in men and nonpregnant women this is a protocol for a cochrane review diagnostic test accuracythe objectives are as follows to determine the diagnostic accuracy of rapid tests at point of care poc for detecting syphilis infection in men and nonpregnant women of reproductive age as verified with the combination of both reactive nontreponemal and treponemal test as the reference standard point of care rapid test for diagnosis of syphilis infection in men and nonpregnant women protocol
24,xml_output_grobid_python_client\Antim&#xfc;llerian-hormone-and-leukocyte-aging-mar,"[{'first': 'Catherine', 'middle': [], 'last': 'Kim', 'suffix': '', 'affiliation': {}, 'email': ''}, {'first': 'Eli', 'middle': [], 'last': 'Puterman', 'suffix': '', 'affiliation': {'laboratory': '', 'institution': 'University of Michigan', 'location': {'settlement': 'Ann Arbor', 'region': 'Michigan'}}, 'email': ''}, {'first': 'Lifang', 'middle': [], 'last': 'Hou', 'suffix': '', 'affiliation': {'laboratory': '', 'institution': 'Northwestern University', 'location': {'settlement': 'Chicago', 'region': 'Illinois'}}, 'email': ''}, {'first': 'James', 'middle': ['C'], 'last': 'Slaughter', 'suffix': '', 'affiliation': {'laboratory': '', 'institution': 'Vanderbilt University Medical Center', 'location': {'settlement': 'Nashville', 'region': 'Tennessee'}}, 'email': ''}, {'first': 'James', 'middle': ['G'], 'last': 'Terry', 'suffix': '', 'affiliation': {'laboratory': '', 'institution': 'Vanderbilt University Medical Center', 'location': {'settlement': 'Nashville', 'region': 'Tennessee'}}, 'email': ''}, {'first': 'Melissa', 'middle': ['F'], 'last': 'Wellons', 'suffix': '', 'affiliation': {'laboratory': '', 'institution': 'Vanderbilt University Medical Center', 'location': {'settlement': 'Nashville', 'region': 'Tennessee'}}, 'email': ''}]",antimllerian hormone and leukocyte aging markers in the coronary artery risk development in young adults study objective to examine whether premenopausal reproductive age as indicated by serum antim ullerian hormone amh is associated with leukocyte aging biomarkersdesign prospective cohort analysissetting the coronary artery risk development in young adults study a populationbased study of black and white adults from four us communities birmingham al chicago il minneapolis mn oakland capatients premenopausal women with serum amh measures at examination year as well as leukocyte aging markersinterventions nonemain outcome measures telomere length mitochondrial deoxyribonucleic acid mtdna copy number and intrinsic and extrinsic epigenetic age acceleration eaa at examination years and as well as change between examination yearsresults women were standard deviation years of age at examination year when the amh and initial measures of telomere length and mtdna copy number n were obtained and eaa occurredafter adjustment for chronological age race and smoking history amh quartile at examination year was not associated with telomere length at examination years and or telomere length change between these years mtdna copy number at examination years and or change between these years or intrinsic eaa at examination years and or change between these yearswomen in the second amh quartile had faster extrinsic eaa than women in the lowest amh quartile bcoefficient confidence interval in a populationbased cohort amh did not have associations with leukocyte telomere length mtdna copy number or intrinsic eaa
25,xml_output_grobid_python_client\Antim&#xfc;llerian-hormone-is-not-associated-with-,"[{'first': 'Yael', 'middle': ['R'], 'last': 'Stovezky', 'suffix': '', 'affiliation': {'laboratory': '', 'institution': 'Cornell University', 'location': {'settlement': 'New York', 'region': 'New York'}}, 'email': ''}, {'first': 'Phillip', 'middle': ['A'], 'last': 'Romanski', 'suffix': '', 'affiliation': {}, 'email': ''}, {'first': 'Pietro', 'middle': [], 'last': 'Bortoletto', 'suffix': '', 'affiliation': {}, 'email': ''}, {'first': 'Steven', 'middle': ['D'], 'last': 'Spandorfer', 'suffix': '', 'affiliation': {}, 'email': ''}]",antimllerian hormone is not associated with embryo ploidy in patients with and without infertility undergoing in vitro fertilization with preimplantation genetic testing objective to assess the association between antim ullerian hormone amh and embryo ploidy rates in cohorts of patients undergoing in vitro fertilization ivf with trophectoderm biopsy for preimplantation genetic testing for aneuploidy pgta the general population of women pursuing ivf with pgta infertile cohort and women pursuing ivf with preimplantation genetic testing for monogenic disorders pgtm owing to the risk of hereditary monogenic diseases noninfertile cohortdesign retrospective cohort studysetting academic centerpatients patients undergoing their first cycle of ivf with trophectoderm biopsy and pgta or pgta and pgtm in our center between march and june patients of advanced maternal age according to the bologna criteria age r years and patients who underwent fresh embryo transfers were excludedinterventions nonemain outcome measures proportion of euploid mosaic and aneuploid embryos per cycle results infertile n and noninfertile n patients were stratified on the basis of amh levels with lowamh defined as ngml in accordance with the bologna criteriaageadjusted regression models showed no relationship between amh classification and proportion of euploid mosaic and aneuploid embryos in the infertile or noninfertile cohortsin the infertile cohort no association between amh classification and embryo ploidy rates was identified in a subgroup analysis of patients aged years years and yearsthese findings persisted in a sensitivity analysis of infertile patients stratified into amh ngml quartile categories no association was found between amh and the proportion of euploid mosaic or aneuploid embryos in large cohorts of patients undergoing ivf with pgta infertile patients or pgta and pgtm noninfertile patients suggesting that a quantitative depletion of ovarian reserve does not predict the ploidy status of the embryo cohort
26,"xml_output_grobid_python_client\Apples,-oranges,-and-ectopic-pregnancies_2023_fns","[{'first': 'Jessica', 'middle': ['A'], 'last': 'Meyer', 'suffix': '', 'affiliation': {'laboratory': '', 'institution': 'NYU Langone Health', 'location': {'settlement': 'New York'}}, 'email': ''}, {'first': 'Gwendolyn', 'middle': ['P'], 'last': 'Quinn', 'suffix': '', 'affiliation': {'laboratory': '', 'institution': 'NYU Langone Health', 'location': {'settlement': 'New York'}}, 'email': ''}, {'first': 'Christina', 'middle': ['A'], 'last': 'Penfield', 'suffix': '', 'affiliation': {'laboratory': '', 'institution': 'NYU Langone Health', 'location': {'settlement': 'New York'}}, 'email': ''}]",apples oranges and ectopic pregnancies
27,xml_output_grobid_python_client\Are-sperm-human-papilloma-virus-infections-a-missi,"[{'first': 'Richard', 'middle': ['J'], 'last': 'Fantus', 'suffix': '', 'affiliation': {'laboratory': '', 'institution': 'University of Kansas Medical Center', 'location': {'settlement': 'Kansas City', 'region': 'Kansas'}}, 'email': ''}, {'first': 'Ajay', 'middle': ['K'], 'last': 'Nangia', 'suffix': '', 'affiliation': {'laboratory': '', 'institution': 'University of Kansas Medical Center', 'location': {'settlement': 'Kansas City', 'region': 'Kansas'}}, 'email': ''}, {'first': 'Joshua', 'middle': ['A'], 'last': 'Halpern', 'suffix': '', 'affiliation': {'laboratory': '', 'institution': 'Northwestern University Feinberg School of Medicine', 'location': {'settlement': 'Chicago', 'region': 'Illinois'}}, 'email': ''}]",are sperm human papilloma virus infections a missing link for idiopathic recurrent pregnancy loss
28,"xml_output_grobid_python_client\Ascending-toward-a-30,000-foot-view-of-uterus-tran","[{'first': 'Rebecca', 'middle': ['K'], 'last': 'Chung', 'suffix': '', 'affiliation': {'laboratory': '', 'institution': 'University Hospitals Cleveland Medical Center', 'location': {'settlement': 'Beachwood', 'region': 'Ohio'}}, 'email': ''}, {'first': 'Elliott', 'middle': ['G'], 'last': 'Richards', 'suffix': '', 'affiliation': {'laboratory': '', 'institution': 'Cleveland Clinic', 'location': {'settlement': 'Cleveland', 'region': 'Ohio'}}, 'email': ''}, {'first': 'Ruth', 'middle': [], 'last': 'Farrell', 'suffix': '', 'affiliation': {'laboratory': '', 'institution': 'Cleveland Clinic', 'location': {'settlement': 'Cleveland', 'region': 'Ohio'}}, 'email': ''}, {'first': 'Rebecca', 'middle': ['L'], 'last': 'Flyckt', 'suffix': '', 'affiliation': {'laboratory': '', 'institution': 'University Hospitals Cleveland Medical Center', 'location': {'settlement': 'Beachwood', 'region': 'Ohio'}}, 'email': ''}]",ascending toward a foot view of uterus transplant
29,xml_output_grobid_python_client\Assisted-reproductive-technology--considerations-f,"[{'first': 'Nicholas', 'middle': ['Saleem'], 'last': 'Raja', 'suffix': '', 'affiliation': {}, 'email': ''}, {'first': 'Colin', 'middle': ['B'], 'last': 'Russell', 'suffix': '', 'affiliation': {'laboratory': '', 'institution': 'University of Michigan', 'location': {'settlement': 'Ann Arbor', 'region': 'Michigan'}}, 'email': ''}, {'first': 'Molly', 'middle': ['B'], 'last': 'Moravek', 'suffix': '', 'affiliation': {'laboratory': '', 'institution': 'University of Michigan', 'location': {'settlement': 'Ann Arbor', 'region': 'Michigan'}}, 'email': ''}]",assisted reproductive technology considerations for the nonheterosexual population and single parents this study aimed to discuss fertility concerns unique to the lesbian gay bisexual transgender queer plus and singleparenttobe populations and review special considerations regarding the evaluation and treatment of these patients relevant to the practicing reproductive medicine providerthe use of assisted reproductive technology has rapidly increased over the past yearsgiven these trends providers can expect a greater diversity of patients making use of these technologiesboth the lesbian gay bisexual transgender queer plus community and single parentstobe represent understudied and important populations who often require the use of assisted reproductive technology to build their familiesthe american society for reproductive medicine advocates for equitable treatment of patients regardless of sexual orientation and partner status and health care providers working in the fertility field should be comfortable and confident in assessing the needs of and providing care to these populations
30,xml_output_grobid_python_client\Association-of-endometriosis-and-adenomyosis-with-,"[{'first': 'Paolo', 'middle': [], 'last': 'Vercellini', 'suffix': '', 'affiliation': {'laboratory': '', 'institution': 'Universit a degli Studi', 'location': {'settlement': 'Milano', 'country': 'Italy'}}, 'email': 'paolo.vercellini@unimi.it'}, {'first': 'Paola', 'middle': [], 'last': 'Viganò', 'suffix': '', 'affiliation': {}, 'email': ''}, {'first': 'Veronica', 'middle': [], 'last': 'Bandini', 'suffix': '', 'affiliation': {'laboratory': '', 'institution': 'Universit a degli Studi', 'location': {'settlement': 'Milano', 'country': 'Italy'}}, 'email': ''}, {'first': 'Laura', 'middle': [], 'last': 'Buggio', 'suffix': '', 'affiliation': {'laboratory': '', 'institution': ""Fondazione IRCCS Ca' Granda Ospedale Maggiore Policlinico"", 'location': {'settlement': 'Milano', 'country': 'Italy'}}, 'email': ''}, {'first': 'Nicola', 'middle': [], 'last': 'Berlanda', 'suffix': '', 'affiliation': {'laboratory': '', 'institution': ""Fondazione IRCCS Ca' Granda Ospedale Maggiore Policlinico"", 'location': {'settlement': 'Milano', 'country': 'Italy'}}, 'email': ''}, {'first': 'Edgardo', 'middle': [], 'last': 'Somigliana', 'suffix': '', 'affiliation': {'laboratory': '', 'institution': 'Universit a degli Studi', 'location': {'settlement': 'Milano', 'country': 'Italy'}}, 'email': ''}]",association of endometriosis and adenomyosis with pregnancy and infertility we performed a comprehensive narrative synthesis of systematic reviews with metaanalysis published in the last years on the association of endometriosis and adenomyosis with reproductive and obstetric outcomesthis review aimed to define the information on which to base preconceptional counseling and clarify whether and in which cases pregnant women with endometriosis and adenomyosis should be referred to tertiary care centers and followed as highrisk obstetric patients reduced pregnancy and live birth rates and an increased miscarriage rate were observed in women with endometriosis and adenomyosisthe effect was larger in women with adenomyosis than in those with endometriosiswomen with superficial peritoneal and ovarian endometriosis do not appear to be at considerably increased risk of major obstetric and neonatal complications whereas women with severe endometriosis whether operated or not are at severalfold increased risk of placenta previamoreover deep infiltrating endometriosis is a risk factor for spontaneous hemoperitoneum in pregnancy and is associated with surgical complications at cesarean sectionoverall women with adenomyosis are at increased risk of various adverse obstetric outcomes including preeclampsia preterm delivery fetal malpresentation postpartum hemorrhage low birth weight and small for gestational age most studies included in the considered systematic reviews are characterized by substantial qualitative and quantitative heterogeneitythis makes a reliable assessment of the available evidence difficult and caution should be exercised when attempting to derive clinical indications nevertheless women with deep infiltrating endometriosis and severe adenomyosis should be considered at high obstetric risk and can benefit from referral to tertiary care centers where they can be safely followed through pregnancy and deliverywhether the same should apply also to pregnant women with minimal endometriosis and adenomyosis forms is currently uncertain emerging evidence suggests that some adverse reproductive and obstetric outcomes observed in women with endometriosis are in fact associated with coexisting adenomyosis
31,xml_output_cochrane\Aue-aungkul_et_al-2021-Cochrane_Database_of_Systematic_Reviews,"[{'first': 'Apiwat', 'middle': [], 'last': 'Aue-Aungkul', 'suffix': '', 'affiliation': {}, 'email': ''}, {'first': 'Chumnan', 'middle': [], 'last': 'Kietpeerakool', 'suffix': '', 'affiliation': {}, 'email': ''}, {'first': 'Siwanon', 'middle': [], 'last': 'Rattanakanokchai', 'suffix': '', 'affiliation': {}, 'email': ''}, {'first': 'Khadra', 'middle': [], 'last': 'Galaal', 'suffix': '', 'affiliation': {}, 'email': ''}, {'first': 'Teerayut', 'middle': [], 'last': 'Temtanakitpaisan', 'suffix': '', 'affiliation': {}, 'email': ''}, {'first': 'Chetta', 'middle': [], 'last': 'Ngamjarus', 'suffix': '', 'affiliation': {}, 'email': ''}, {'first': 'Pisake', 'middle': [], 'last': 'Lumbiganon', 'suffix': '', 'affiliation': {}, 'email': ''}]",postoperative interventions for preventing bladder dysfunction after radical hysterectomy in women with earlystage cervical cancer postoperative interventions for preventing bladder dysfunction a
32,xml_output_grobid_python_client\Automated-identification-of-rare-sperm-becomes-pos,"[{'first': 'Lewin', 'middle': [], 'last': 'Staine', 'suffix': '', 'affiliation': {'laboratory': '', 'institution': 'Johns Hopkins University School of Medicine', 'location': {'settlement': 'Baltimore', 'region': 'Maryland'}}, 'email': ''}, {'first': 'Jaden', 'middle': ['R'], 'last': 'Kohn', 'suffix': '', 'affiliation': {'laboratory': '', 'institution': 'Johns Hopkins University School of Medicine', 'location': {'settlement': 'Baltimore', 'region': 'Maryland'}}, 'email': ''}, {'first': 'Taylor', 'middle': ['P'], 'last': 'Kohn', 'suffix': '', 'affiliation': {}, 'email': ''}]",automated identification of rare sperm becomes possible is sperm selection the next frontier in male infertility
33,xml_output_grobid_python_client\Automated-rare-sperm-identification-from-low-magni,"[{'first': 'Ryan', 'middle': [], 'last': 'Lee', 'suffix': '', 'affiliation': {'laboratory': '', 'institution': 'University of British Columbia', 'location': {'settlement': 'Vancouver', 'region': 'British Columbia', 'country': 'Canada'}}, 'email': ''}, {'first': 'Luke', 'middle': [], 'last': 'Witherspoon', 'suffix': '', 'affiliation': {'laboratory': '', 'institution': 'University of British Columbia', 'location': {'settlement': 'Vancouver', 'region': 'British Columbia', 'country': 'Canada'}}, 'email': ''}, {'first': 'Meghan', 'middle': [], 'last': 'Robinson', 'suffix': '', 'affiliation': {'laboratory': '', 'institution': 'University of British Columbia', 'location': {'settlement': 'Vancouver', 'region': 'British Columbia', 'country': 'Canada'}}, 'email': ''}, {'first': 'Jeong', 'middle': ['Hyun'], 'last': 'Lee', 'suffix': '', 'affiliation': {'laboratory': '', 'institution': 'University of British Columbia', 'location': {'settlement': 'Vancouver', 'region': 'British Columbia', 'country': 'Canada'}}, 'email': ''}, {'first': 'Simon', 'middle': ['P'], 'last': 'Duffy', 'suffix': '', 'affiliation': {'laboratory': '', 'institution': 'University of British Columbia', 'location': {'settlement': 'Vancouver', 'region': 'British Columbia', 'country': 'Canada'}}, 'email': ''}, {'first': 'Ryan', 'middle': [], 'last': 'Flannigan', 'suffix': '', 'affiliation': {'laboratory': '', 'institution': 'University of British Columbia', 'location': {'settlement': 'Vancouver', 'region': 'British Columbia', 'country': 'Canada'}}, 'email': 'ryan.flannigan@ubc.ca'}, {'first': 'Hongshen', 'middle': [], 'last': 'Ma', 'suffix': '', 'affiliation': {'laboratory': '', 'institution': 'University of British Columbia', 'location': {'settlement': 'Vancouver', 'region': 'British Columbia', 'country': 'Canada'}}, 'email': ''}]",automated rare sperm identification from lowmagnification microscopy images of dissociated microsurgical testicular sperm extraction samples using deep learning objective to develop a machine learning algorithm to detect rare human sperm in semen and microsurgical testicular sperm extraction microtese samples using brightfield bf microscopy for nonobstructive azoospermia patientsdesign spermatozoa were collected from fertile mentestis biopsies were collected from microtese samples determined to be clinically negative for sperma convolutional neural network based on the unet architecture was trained using bf image patches with fluorescent ground truth image pairs to segment spermthe algorithm was validated using image patchesthe algorithm was tested using image patches containing abundant sperm as well as image patches containing rare spermsetting in vitro fertilization center and university laboratoriespatients normospermic and nonobstructive azoospermia patientsinterventions nonemain outcome measures precision positive predictive value ppv recall sensitivity and fscore of detected sperm locationsresults for spermonly samples our algorithm achieved ppv sensitivity and fscore at magnificationfor dissociated microtese samples doped with an abundant quantity of sperm our algorithm achieved ppv sensitivity and fscorefor dissociated microtese samples doped with rare sperm our algorithm achieved ppv sensitivity and fscoreconclusions rare sperm can be detected in patients testis biopsy samples for potential subsequent use in in vitro fertilizationintracytoplasmic sperm injectiona machine learning algorithm can use bf images at magnification to accurately detect sperm locations using automated imaging
34,"xml_output_grobid_python_client\Awareness,-knowledge,-and-misconceptions-of-adoles","[{'first': 'Abirami', 'middle': [], 'last': 'Kirubarajan', 'suffix': '', 'affiliation': {}, 'email': 'abi.kirubarajan@mail.utoronto.ca'}, {'first': 'Xinglin', 'middle': [], 'last': 'Li', 'suffix': '', 'affiliation': {'laboratory': '', 'institution': 'University of Toronto', 'location': {'settlement': 'Toronto', 'region': 'Ontario', 'country': 'Canada'}}, 'email': ''}, {'first': 'Matthew', 'middle': [], 'last': 'Yau', 'suffix': '', 'affiliation': {'laboratory': '', 'institution': 'University of Toronto', 'location': {'settlement': 'Toronto', 'region': 'Ontario', 'country': 'Canada'}}, 'email': ''}, {'first': 'Caberry', 'middle': [], 'last': 'Yu', 'suffix': '', 'affiliation': {'laboratory': '', 'institution': 'University of Toronto', 'location': {'settlement': 'Toronto', 'region': 'Ontario', 'country': 'Canada'}}, 'email': ''}, {'first': 'Tiffany', 'middle': [], 'last': 'Got', 'suffix': '', 'affiliation': {'laboratory': '', 'institution': 'University of Toronto', 'location': {'settlement': 'Toronto', 'region': 'Ontario', 'country': 'Canada'}}, 'email': ''}, {'first': 'Qixuan', 'middle': [], 'last': 'Li', 'suffix': '', 'affiliation': {'laboratory': '', 'institution': 'University Health Network', 'location': {'settlement': 'Toronto', 'region': 'Ontario', 'country': 'Canada'}}, 'email': ''}, {'first': 'Ella', 'middle': [], 'last': 'Huszti', 'suffix': '', 'affiliation': {'laboratory': '', 'institution': 'University Health Network', 'location': {'settlement': 'Toronto', 'region': 'Ontario', 'country': 'Canada'}}, 'email': ''}, {'first': 'Shannon', 'middle': [], 'last': 'Leung', 'suffix': '', 'affiliation': {'laboratory': '', 'institution': 'University of Toronto', 'location': {'settlement': 'Toronto', 'region': 'Ontario', 'country': 'Canada'}}, 'email': ''}, {'first': 'Nila', 'middle': [], 'last': 'Thangavelu', 'suffix': '', 'affiliation': {'laboratory': '', 'institution': 'McMaster University', 'location': {'settlement': 'Hamilton', 'region': 'Ontario', 'country': 'Canada'}}, 'email': ''}, {'first': 'Mara', 'middle': [], 'last': 'Sobel', 'suffix': '', 'affiliation': {'laboratory': '', 'institution': 'University of Toronto', 'location': {'settlement': 'Toronto', 'region': 'Ontario', 'country': 'Canada'}}, 'email': ''}]",awareness knowledge and misconceptions of adolescents and young people regarding longacting reversible contraceptives a systematic review and metaanalysis objective to assess the awareness knowledge and misconceptions of young people regarding longacting reversible contraceptives larcsdesign we conducted a systematic review in accordance with the preferred reporting items for systematic reviews and metaanalyses guidelines of medlineovid embase and cumulative index to nursing and allied health literaturea randomeffects metaanalysis was performed with formal tests for heterogeneity and publication biasadditional outcomes were summarized using thematic analysissetting not applicablepatients adolescents and young adults aged years with a uterusinterventions not applicablemain outcome measures patientreported outcomes related to awareness knowledge and misconceptions of larcs including intrauterine devices subdermal implants and injections were analyzedresults of the database citations we included studies encompassing adolescents and young peopletwenty studies were eligible for metaanalysisthe pooled prevalence described that only confidence interval ci of participants were aware of at least type of larc i the metaregression noted that the region risk of bias gravidity sexual history previous larc experience and postsecondary education were not associated with awarenessthere were numerous misconceptions regarding eligibility safety and usagenotably ci did not understand that larcs could be used in nulliparous individuals and ci believed that larcs could cause infertility there are notable knowledge gaps among adolescents and young people regarding larcs such as eligibility criteria the reversibility of longacting options and misconceptions regarding infertilityclinicians should specifically counsel regarding the suitability for larcs in nulliparous populations and that larcs do not cause infertility
35,xml_output_cochrane\Ayeleke_et_al-2020-Cochrane_Database_of_Systematic_Reviews,"[{'first': 'Reuben', 'middle': ['Olugbenga'], 'last': 'Ayeleke', 'suffix': '', 'affiliation': {}, 'email': ''}, {'first': 'Joyce', 'middle': ['Danielle'], 'last': 'Asseler', 'suffix': '', 'affiliation': {}, 'email': ''}, {'first': 'Ben', 'middle': ['J'], 'last': 'Cohlen', 'suffix': '', 'affiliation': {}, 'email': ''}, {'first': 'Susanne', 'middle': ['M'], 'last': 'Veltman-Verhulst', 'suffix': '', 'affiliation': {}, 'email': ''}]",intrauterine insemination for unexplained subfertility
36,xml_output_cochrane\Barbosa_et_al-2021-Cochrane_Database_of_Systematic_Reviews,"[{'first': 'Frederico', 'middle': ['T'], 'last': 'Barbosa', 'suffix': '', 'affiliation': {'laboratory': '', 'institution': 'Universidade Federal de São Paulo', 'location': {'settlement': 'Sao Paulo', 'country': 'Brazil'}}, 'email': ''}, {'first': 'Michele', 'middle': ['P'], 'last': 'Silva', 'suffix': '', 'affiliation': {'laboratory': '', 'institution': 'Alcides Carneiro Hospital', 'location': {'settlement': 'Petropolis', 'country': 'Brazil'}}, 'email': ''}, {'first': 'Luís', 'middle': ['Eduardo S'], 'last': 'Fontes', 'suffix': '', 'affiliation': {'laboratory': '', 'institution': 'Cochrane Afilliate Rio de Janeiro', 'location': {'settlement': 'Cochrane, Petrópolis', 'country': 'Brazil'}}, 'email': ''}, {'first': 'Daniela', 'middle': ['V'], 'last': 'Pachito', 'suffix': '', 'affiliation': {'laboratory': '', 'institution': 'Hospital Sirio-Libanês', 'location': {'settlement': 'São Paulo', 'country': 'Brazil'}}, 'email': ''}, {'first': 'Tamara', 'middle': [], 'last': 'Melnik', 'suffix': '', 'affiliation': {'laboratory': '', 'institution': 'Cochrane Brazil', 'location': {'settlement': 'São Paulo', 'country': 'Brazil'}}, 'email': ''}, {'first': 'Rachel', 'middle': [], 'last': 'Riera', 'suffix': '', 'affiliation': {'laboratory': '', 'institution': 'Cochrane Afilliate Rio de Janeiro', 'location': {'settlement': 'Cochrane, Petrópolis', 'country': 'Brazil'}}, 'email': ''}]",noninvasive positive airway pressure therapy for improving erectile dysfunction in men with obstructive sleep apnoea noninvasive positive airway
37,xml_output_cochrane\Barrowclough_et_al-2022-Cochrane_Database_of_Systematic_Reviews,"[{'first': 'Jennifer', 'middle': ['A'], 'last': 'Barrowclough', 'suffix': '', 'affiliation': {}, 'email': ''}, {'first': 'Luling', 'middle': [], 'last': 'Lin', 'suffix': '', 'affiliation': {}, 'email': ''}, {'first': 'Bridget', 'middle': [], 'last': 'Kool', 'suffix': '', 'affiliation': {}, 'email': ''}, {'first': 'G', 'middle': ['Justus'], 'last': 'Hofmeyr', 'suffix': '', 'affiliation': {}, 'email': ''}, {'first': 'Caroline', 'middle': ['A'], 'last': 'Crowther', 'suffix': '', 'affiliation': {}, 'email': ''}]",maternal postures for fetal malposition in labour for improving the health of mothers and their infants
38,xml_output_cochrane\Basheer_et_al-2020-Cochrane_Database_of_Systematic_Reviews,"[{'first': 'Aneesh', 'middle': [], 'last': 'Basheer', 'suffix': '', 'affiliation': {'laboratory': '', 'institution': 'Pondicherry Institute of Medical Sciences', 'location': {'settlement': 'Pondicherry', 'country': 'India'}}, 'email': ''}, {'first': 'Richard', 'middle': [], 'last': 'Kirubakaran', 'suffix': '', 'affiliation': {'laboratory': '', 'institution': 'Christian Medical College', 'location': {'settlement': 'Vellore', 'country': 'India'}}, 'email': ''}, {'first': 'Kevin', 'middle': [], 'last': 'Tan', 'suffix': '', 'affiliation': {'laboratory': '', 'institution': 'National Neuroscience Institute', 'location': {'settlement': 'Singapore', 'country': 'Singapore'}}, 'email': ''}, {'first': 'Venugopalan', 'middle': ['Y'], 'last': 'Vishnu', 'suffix': '', 'affiliation': {'laboratory': '', 'institution': 'All India Institute of Medical Sciences', 'location': {'settlement': 'New Delhi', 'country': 'India'}}, 'email': 'vishnuvy16@yahoo.com'}, {'first': 'Doreen', 'middle': [], 'last': 'Fialho', 'suffix': '', 'affiliation': {'laboratory': '', 'institution': ""King's College Hospital"", 'location': {'settlement': 'London', 'country': 'UK'}}, 'email': ''}]",diseasemodifying therapy for hivrelated distal symmetrical polyneuropathy including antiretroviral toxic neuropathy diseasemodifying therapy
39,xml_output_cochrane\Bergman_et_al-2019-Cochrane_Database_of_Systematic_Reviews,"[{'first': 'Hanna', 'middle': [], 'last': 'Bergman', 'suffix': '', 'affiliation': {}, 'email': ''}, {'first': 'Brian', 'middle': ['S'], 'last': 'Buckley', 'suffix': '', 'affiliation': {}, 'email': ''}, {'first': 'Gemma', 'middle': [], 'last': 'Villanueva', 'suffix': '', 'affiliation': {}, 'email': ''}, {'first': 'Jennifer', 'middle': [], 'last': 'Petkovic', 'suffix': '', 'affiliation': {}, 'email': ''}, {'first': 'Chantelle', 'middle': [], 'last': 'Garritty', 'suffix': '', 'affiliation': {}, 'email': ''}, {'first': 'Vittoria', 'middle': [], 'last': 'Lutje', 'suffix': '', 'affiliation': {}, 'email': ''}, {'first': 'Alina', 'middle': ['Ximena'], 'last': 'Riveros-Balta', 'suffix': '', 'affiliation': {}, 'email': ''}, {'first': 'Nicola', 'middle': [], 'last': 'Low', 'suffix': '', 'affiliation': {}, 'email': ''}, {'first': 'Nicholas', 'middle': [], 'last': 'Henschke', 'suffix': '', 'affiliation': {}, 'email': ''}]",comparison of different human papillomavirus hpv vaccine types and dose schedules for prevention of hpvrelated disease in females and males comparison of di erent human papillomavirus hpv
40,xml_output_grobid_python_client\Better-late-than-never&#x2014;but-never-late-is-be,"[{'first': 'Tarek', 'middle': [], 'last': 'Khader', 'suffix': '', 'affiliation': {}, 'email': ''}, {'first': 'Harry', 'middle': ['J'], 'last': 'Lieman', 'suffix': '', 'affiliation': {}, 'email': ''}, {'first': 'Sangita', 'middle': [], 'last': 'Jindal', 'suffix': '', 'affiliation': {}, 'email': ''}]",better late than neverbut never late is best
41,xml_output_grobid_python_client\Beverage-intake-and-ovarian-reserve-among-women-fr,"[{'first': 'Ana', 'middle': ['B'], 'last': 'Maldonado-Cárceles', 'suffix': '', 'affiliation': {}, 'email': ''}, {'first': 'Makiko', 'middle': [], 'last': 'Mitsunami', 'suffix': '', 'affiliation': {'laboratory': '', 'institution': 'Harvard T.H. Chan School of Public Health', 'location': {'settlement': 'Boston', 'region': 'Massachusetts'}}, 'email': ''}, {'first': 'Andrea', 'middle': [], 'last': 'Florio', 'suffix': '', 'affiliation': {'laboratory': '', 'institution': 'Harvard T.H. Chan School of Public Health', 'location': {'settlement': 'Boston', 'region': 'Massachusetts'}}, 'email': ''}, {'first': 'Paige', 'middle': ['L'], 'last': 'Williams', 'suffix': '', 'affiliation': {'laboratory': '', 'institution': 'Harvard T.H. Chan School of Public Health', 'location': {'settlement': 'Boston', 'region': 'Massachusetts'}}, 'email': ''}, {'first': 'Jennifer', 'middle': ['B'], 'last': 'Ford', 'suffix': '', 'affiliation': {}, 'email': ''}, {'first': 'Irene', 'middle': [], 'last': 'Souter', 'suffix': '', 'affiliation': {'laboratory': '', 'institution': 'Harvard T.H. Chan School of Public Health', 'location': {'settlement': 'Boston', 'region': 'Massachusetts'}}, 'email': ''}, {'first': 'Jorge', 'middle': ['E'], 'last': 'Chavarro', 'suffix': '', 'affiliation': {'laboratory': '', 'institution': 'Harvard T.H. Chan School of Public Health', 'location': {'settlement': 'Boston', 'region': 'Massachusetts'}}, 'email': ''}, {'first': 'Lidia', 'middle': [], 'last': 'Mínguez-Alarcón', 'suffix': '', 'affiliation': {}, 'email': ''}]",beverage intake and ovarian reserve among women from a fertility center objective to evaluate the associations of caffeinated alcoholic and sweetened beverage intakes with antral follicle count afc a wellaccepted biomarker of ovarian reservedesign observational prospective cohort studysetting fertility center at an academic hospitalpatients this study includes women seeking fertility care at the massachusetts general hospital who participated in the environment and reproductive health studyintervention nonewomen selfreported consumption of caffeinated coffee tea soda alcoholic wine beer liquor sugarsweetened and artificially sweetened beverages using a validated foodfrequency questionnairemain outcome measure antral follicle count was assessed using a transvaginal ultrasound performed on the rd day of an unstimulated menstrual cycle or on the rd day of a progesterone withdrawal bleedresults median interquartile range age and afc were years and respectivelymedian range intake of caffeinated alcoholic sugarsweetened and artificially sweetened beverages in servingsday were and respectivelyall examined beverages were unrelated to afcthe multivariable adjusted mean afc confidence interval for women in the top and bottom quartiles of intake were and for caffeinated beverages and for alcoholic beverages and for sugarsweetened beverages and and for artificially sweetened beveragesconclusion lowtomoderate intakes of caffeinated alcoholic sugarsweetened and artificially sweetened beverages were unrelated to ovarian reserve as measured by afc in a cohort of women seeking fertility care
42,xml_output_grobid_python_client\Beyond-awareness-&#x2013;-National-Infertility-Awa,"[{'first': 'Marissa', 'middle': ['S'], 'last': 'Weiss', 'suffix': '', 'affiliation': {}, 'email': ''}, {'first': 'Anuja', 'middle': [], 'last': 'Dokras', 'suffix': '', 'affiliation': {'laboratory': '', 'institution': 'University of Pennsylvania', 'location': {'settlement': 'Philadelphia', 'region': 'Pennsylvania'}}, 'email': ''}, {'first': 'Erica', 'middle': ['E'], 'last': 'Marsh', 'suffix': '', 'affiliation': {'laboratory': '', 'institution': 'University of Pennsylvania', 'location': {'settlement': 'Philadelphia', 'region': 'Pennsylvania'}}, 'email': ''}]",beyond awareness national infertility awareness week
43,xml_output_grobid_python_client\Blind-physicians-and-the-elephant--&#x201c;Reality,"[{'first': 'Victoria', 'middle': [], 'last': 'Fitz', 'suffix': '', 'affiliation': {'laboratory': '', 'institution': 'Massachusetts General Hospital', 'location': {}}, 'email': ''}, {'first': 'Bala', 'middle': [], 'last': 'Bhagavath', 'suffix': '', 'affiliation': {'laboratory': '', 'institution': 'University of Wisconsin', 'location': {'settlement': 'Madison', 'region': 'Wisconsin'}}, 'email': ''}, {'first': 'Steven', 'middle': ['R'], 'last': 'Lindheim', 'suffix': '', 'affiliation': {'laboratory': '', 'institution': 'Wright State University', 'location': {'settlement': 'Dayton', 'region': 'Ohio'}}, 'email': ''}, {'first': 'John', 'middle': [], 'last': 'Petrozza', 'suffix': '', 'affiliation': {'laboratory': '', 'institution': 'Massachusetts General Hospital', 'location': {}}, 'email': ''}]",blind physicians and the elephant reality is one although wise physicians speak of it variously
44,xml_output_cochrane\Boedt_et_al-2021-Cochrane_Database_of_Systematic_Reviews,"[{'first': 'Tessy', 'middle': [], 'last': 'Boedt', 'suffix': '', 'affiliation': {}, 'email': ''}, {'first': 'Anne-Catherine', 'middle': [], 'last': 'Vanhove', 'suffix': '', 'affiliation': {}, 'email': ''}, {'first': 'Melissa', 'middle': ['A'], 'last': 'Vercoe', 'suffix': '', 'affiliation': {}, 'email': ''}, {'first': 'Christophe', 'middle': [], 'last': 'Matthys', 'suffix': '', 'affiliation': {}, 'email': ''}, {'first': 'Eline', 'middle': [], 'last': 'Dancet', 'suffix': '', 'affiliation': {}, 'email': ''}, {'first': 'Sharon', 'middle': [], 'last': 'Lie Fong', 'suffix': '', 'affiliation': {}, 'email': ''}]",preconception lifestyle advice for people with infertility
45,xml_output_cochrane\Boomsma_et_al-2019-Cochrane_Database_of_Systematic_Reviews,"[{'first': 'Carolien', 'middle': ['M'], 'last': 'Boomsma', 'suffix': '', 'affiliation': {}, 'email': ''}, {'first': 'Ben', 'middle': ['J'], 'last': 'Cohlen', 'suffix': '', 'affiliation': {}, 'email': ''}, {'first': 'Cindy', 'middle': [], 'last': 'Farquhar', 'suffix': '', 'affiliation': {}, 'email': ''}]",semen preparation techniques for intrauterine insemination multiple pregnancy rate per couple
46,xml_output_cochrane\Boomsma_et_al-2022-Cochrane_Database_of_Systematic_Reviews,"[{'first': 'Carolien', 'middle': ['M'], 'last': 'Boomsma', 'suffix': '', 'affiliation': {'laboratory': '', 'institution': 'Bravis Hospital', 'location': {'settlement': 'Bergen op Zoom', 'country': 'Netherlands'}}, 'email': 'carolienboomsma@hotmail.com'}, {'first': 'Mohan', 'middle': ['S'], 'last': 'Kamath', 'suffix': '', 'affiliation': {'laboratory': '', 'institution': 'Christian Medical College', 'location': {'settlement': 'Vellore', 'country': 'India'}}, 'email': ''}, {'first': 'Stephen', 'middle': ['D'], 'last': 'Keay', 'suffix': '', 'affiliation': {'laboratory': '', 'institution': 'UHCW NHS Trust', 'location': {'settlement': 'Coventry', 'country': 'UK'}}, 'email': ''}, {'first': 'Nick', 'middle': ['S'], 'last': 'Macklon', 'suffix': '', 'affiliation': {'laboratory': '', 'institution': ""London Women's Clinic"", 'location': {'settlement': 'London', 'country': 'UK'}}, 'email': ''}]",periimplantation glucocorticoid administration for assisted reproductive technology cycles of findings glucocorticoids compared to no glucocorticoids or placebo for assisted reproductive technology cycles glucocorticoids compared to no glucocorticoids or placebo for assisted reproductive technology cycles patient or population women receiving assisted reproductive technology cycles setting ivf clinics intervention glucocorticoids
47,xml_output_cochrane\Brito_et_al-2019-Cochrane_Database_of_Systematic_Reviews,"[{'first': 'Luiz', 'middle': ['Gustavo'], 'last': 'Brito', 'suffix': '', 'affiliation': {'laboratory': '', 'institution': 'State University of Campinas (UNICAMP)', 'location': {'settlement': 'Campinas', 'country': 'Brazil'}}, 'email': 'lbrito@fcm.unicamp.br'}, {'first': 'Elizabeth', 'middle': ['A'], 'last': 'Stewart', 'suffix': '', 'affiliation': {'laboratory': '', 'institution': 'Mayo Clinic', 'location': {'settlement': 'Rochester', 'country': 'USA'}}, 'email': ''}, {'first': 'Sarah', 'middle': ['O'], 'last': 'Olivi Chaim', 'suffix': '', 'affiliation': {}, 'email': ''}, {'first': 'Wellington', 'middle': ['P'], 'last': 'Martins', 'suffix': '', 'affiliation': {}, 'email': ''}, {'first': 'Cindy', 'middle': [], 'last': 'Farquhar', 'suffix': '', 'affiliation': {'laboratory': '', 'institution': 'University of Auckland', 'location': {'settlement': 'Auckland', 'region': 'New Zealand'}}, 'email': ''}]",interventions for uterine fibroids an overview of cochrane reviews this is a protocol for a cochrane review overviewthe objectives are as follows the objective is to summarize evidence from cochrane reviews on the e ectiveness and safety of treatment options available to premenopausal women with uterine fibroidassociated symptoms
48,xml_output_cochrane\Bromley_et_al-2023-Cochrane_Database_of_Systematic_Reviews,"[{'first': 'Rebecca', 'middle': [], 'last': 'Bromley', 'suffix': '', 'affiliation': {}, 'email': ''}, {'first': 'Naghme', 'middle': [], 'last': 'Adab', 'suffix': '', 'affiliation': {}, 'email': ''}, {'first': 'Matt', 'middle': [], 'last': 'Bluett-Duncan', 'suffix': '', 'affiliation': {}, 'email': ''}, {'first': 'Jill', 'middle': [], 'last': 'Clayton-Smith', 'suffix': '', 'affiliation': {}, 'email': ''}, {'first': 'Jakob', 'middle': [], 'last': 'Christensen', 'suffix': '', 'affiliation': {}, 'email': ''}, {'first': 'Katherine', 'middle': [], 'last': 'Edwards', 'suffix': '', 'affiliation': {}, 'email': ''}, {'first': 'Janette', 'middle': [], 'last': 'Greenhalgh', 'suffix': '', 'affiliation': {}, 'email': ''}, {'first': 'Ruaraidh', 'middle': ['A'], 'last': 'Hill', 'suffix': '', 'affiliation': {}, 'email': ''}, {'first': 'Cerian', 'middle': ['F'], 'last': 'Jackson', 'suffix': '', 'affiliation': {}, 'email': ''}, {'first': 'Sonia', 'middle': [], 'last': 'Khanom', 'suffix': '', 'affiliation': {}, 'email': ''}, {'first': 'Ronan', 'middle': ['N'], 'last': 'Mcginty', 'suffix': '', 'affiliation': {}, 'email': ''}, {'first': 'Catrin', 'middle': [], 'last': 'Tudur Smith', 'suffix': '', 'affiliation': {}, 'email': ''}, {'first': 'Jennifer', 'middle': [], 'last': 'Pulman', 'suffix': '', 'affiliation': {}, 'email': ''}, {'first': 'Anthony', 'middle': ['G'], 'last': 'Marson', 'suffix': '', 'affiliation': {}, 'email': ''}]",monotherapy treatment of epilepsy in pregnancy congenital malformation outcomes in the child
49,xml_output_cochrane\Brown_et_al-2016-Cochrane_Database_of_Systematic_Reviews,"[{'first': 'Julie', 'middle': [], 'last': 'Brown', 'suffix': '', 'affiliation': {'laboratory': '', 'institution': 'The University of Auckland', 'location': {'settlement': 'Auckland', 'region': 'New Zealand'}}, 'email': 'j.brown@auckland.ac.nz.'}, {'first': 'Karen', 'middle': [], 'last': 'Buckingham', 'suffix': '', 'affiliation': {}, 'email': ''}, {'first': 'William', 'middle': [], 'last': 'Buckett', 'suffix': '', 'affiliation': {'laboratory': '', 'institution': 'McGill University', 'location': {'settlement': 'Montreal', 'country': 'Canada'}}, 'email': ''}, {'first': 'Ahmed', 'middle': ['M'], 'last': 'Abou-Setta', 'suffix': '', 'affiliation': {'laboratory': '', 'institution': 'University of Manitoba', 'location': {'settlement': 'Winnipeg', 'country': 'Canada'}}, 'email': ''}]",ultrasound versus clinical touch for catheter guidance during embryo transfer in women this systematic review now has included studies four of which we added in the update two studies awaiting assessment and excluded studiesin total data for metaanalyses were available in trials n women of which only four reported live births uget was associated with an increased chance of a live birthongoing pregnancy compared with ctet or ci to trials n women i lowquality evidencesensitivity analysis by including only trials with low risk of selection bias or by using a randome ects model did not alter the e ectwe estimate that for women with a chance of a live birthongoing pregnancy of using ctet this would increase to between and using ugetwe considered the quality of the evidence using grade methodology to be low uget was associated with an increase in the chance of a clinical pregnancy or ci to trials n women i moderatequality evidencewe identified no di erences between groups for the incidence of adverse events including multiple pregnancy ectopic pregnancy or miscarriagethese events were relatively rare and sample sizes limited the ability to detect such di erences ultrasound versus clinical touch for catheter guidance during embryo transfer in women review
